{
  "timestamp": "2025-11-09T18:42:15.105665",
  "detection_metrics": {},
  "recognition_metrics": {
    "accuracy": 0.0196078431372549,
    "precision": 0,
    "recall": 0.0,
    "f1_score": 0,
    "false_positive_rate": 0.0,
    "false_negative_rate": 1.0,
    "true_positives": 0,
    "false_positives": 0,
    "true_negatives": 10,
    "false_negatives": 500,
    "threshold": 0.6,
    "total_queries": 510,
    "avg_similarity": 0.0
  },
  "identification_metrics": {
    "identification_rates": {
      "top_1": 0.9803921568627451,
      "top_5": 0.9803921568627451,
      "top_10": 0.9803921568627451,
      "top_20": 0.9803921568627451
    },
    "total_queries": 510,
    "gallery_size": 50
  }
}